Country,Year,Inflation rate,Unemployment rate,GDP Per Capita PPP (Current US$),Fintech Investment
Albania,2010,3.626046956,14.086,9626.664893,9
Albania,2011,3.429123247,13.481,10207.16988,6
Albania,2012,2.031592684,13.376,10525.72253,4
Albania,2013,1.937620802,15.866,10570.41983,18.9
Albania,2014,1.625865044,18.055,11258.45728,51.2
Albania,2015,1.896174026,17.193,11658.04575,64.9
Albania,2016,1.275431684,15.418,12078.34882,73.7
Albania,2017,1.986661332,13.616,12769.76258,59.2
Albania,2018,2.028059631,12.304,13497.24932,148.6
Albania,2019,1.41109079,11.466,14617.78491,216.8
Albania,2020,1.620886617,12.79,14436.48504,123.3
Albania,2021,2.041471631,12.473,16261.80455,229.6
Albania,2022,6.725202715,11.588,19492.7831,197.9
Austria,2010,1.81353439,4.883,42002.15714,9
Austria,2011,3.286579149,4.637,44452.73275,6
Austria,2012,2.485675622,4.909,46457.34578,4
Austria,2013,2.000156169,5.367,47922.04912,18.9
Austria,2014,1.60581183,5.674,48799.71547,51.2
Austria,2015,0.896563335,5.802,49865.90394,64.9
Austria,2016,0.891591753,6.064,52684.01711,73.7
Austria,2017,2.081269114,5.561,54172.98679,59.2
Austria,2018,1.998379814,4.933,56937.94428,148.6
Austria,2019,1.530895642,4.56,60574.6271,216.8
Austria,2020,1.381910634,5.201,58610.83436,123.3
Austria,2021,2.766666667,6.459,63421.20359,229.6
Austria,2022,8.546869932,4.992,70975.72063,197.9
Austria,2023,7.81413417,5.243,73751.35271,118.2
Belarus,2010,7.735748043,6.054,15364.02984,9
Belarus,2011,53.22869831,6.024,16563.20141,6
Belarus,2012,59.21973602,5.97,18114.75086,4
Belarus,2013,18.31226104,5.946,19014.05297,18.9
Belarus,2014,18.11955435,5.911,19037.82095,51.2
Belarus,2015,13.53448976,5.881,18133.56963,64.9
Belarus,2016,11.83658077,5.844,17832.47789,73.7
Belarus,2017,6.031837252,5.648,18413.71274,59.2
Belarus,2018,4.872302206,4.763,20026.03067,148.6
Belarus,2019,5.59815595,4.165,22301.57669,216.8
Belarus,2020,5.548143575,4.049,24872.3399,123.3
Belarus,2021,9.460283896,3.9,27611.18011,229.6
Belarus,2022,15.20967527,3.574,28406.06615,197.9
Belarus,2023,5.000599031,3.574,30751.49542,118.2
Belgium,2010,2.189299204,8.293,39833.18405,9
Belgium,2011,3.532082107,7.14,40942.37271,6
Belgium,2012,2.839663434,7.542,42290.76205,4
Belgium,2013,1.11309594,8.425,43671.11959,18.9
Belgium,2014,0.340002833,8.523,44929.68559,51.2
Belgium,2015,0.561429153,8.482,46200.90445,64.9
Belgium,2016,1.973852647,7.83,48597.39998,73.7
Belgium,2017,2.12597086,7.086,50442.27054,59.2
Belgium,2018,2.053164999,5.948,52530.56208,148.6
Belgium,2019,1.43681957,5.36,56621.54176,216.8
Belgium,2020,0.740791812,5.555,55730.95289,123.3
Belgium,2021,2.440248511,6.264,62123.16132,229.6
Belgium,2022,9.597511729,5.558,68274.20064,197.9
Belgium,2023,4.049010776,5.508,70455.95843,118.2
Bosnia and Herzegovina,2010,1.996212367,27.312,9087.25971,9
Bosnia and Herzegovina,2011,3.67125,27.582,9757.455001,6
Bosnia and Herzegovina,2012,2.05267452,28.01,10108.88323,4
Bulgaria,2010,2.438990605,10.279,14955.25983,9
Bulgaria,2011,4.219903466,11.26,15746.5389,6
Bulgaria,2012,2.954568298,12.27,16326.43153,4
Bulgaria,2013,0.890093541,12.941,16648.50693,18.9
Bulgaria,2014,-1.418183803,11.424,17615.10889,51.2
Bulgaria,2015,-0.104633261,9.143,18384.75357,64.9
Bulgaria,2016,-0.798649886,7.575,20064.90795,73.7
Bulgaria,2017,2.061596194,6.164,21455.8755,59.2
Bulgaria,2018,2.814544738,5.212,23004.31955,148.6
Bulgaria,2019,3.103729448,4.23,25526.2811,216.8
Bulgaria,2020,1.672440969,5.125,25735.00085,123.3
Bulgaria,2021,3.297744353,5.267,29404.96051,229.6
Bulgaria,2022,15.32525893,4.268,35463.55499,197.9
Bulgaria,2023,9.442841401,4.295,38689.54807,118.2
Croatia,2010,1.030555053,11.62,20093.22348,9
Croatia,2011,2.272727273,13.678,21150.37516,6
Croatia,2012,3.412073491,15.935,21529.92042,4
Croatia,2013,2.216582064,17.251,22218.1496,18.9
Croatia,2014,-0.21519616,17.29,22463.18245,51.2
Croatia,2015,-0.464499005,16.175,23460.56653,64.9
Croatia,2016,-1.125,13.103,25427.62718,73.7
Croatia,2017,1.129372103,11.208,27391.10878,59.2
Croatia,2018,1.50012501,8.432,29156.34323,148.6
Croatia,2019,0.771820346,6.617,32329.5605,216.8
Croatia,2020,0.154811375,7.507,30688.80845,123.3
Croatia,2021,2.554506996,7.608,37232.59577,229.6
Croatia,2022,10.78058068,6.96,42399.12226,197.9
Croatia,2023,7.941281776,6.063,45909.63448,118.2
Cyprus,2010,2.430040841,6.36,33504.37891,9
Cyprus,2011,3.289449396,7.942,33404.21875,6
Cyprus,2012,2.3890541,12.097,31922.30664,4
Cyprus,2013,-0.399357676,16.131,30450.125,18.9
Cyprus,2014,-1.354988854,16.277,30168.91602,51.2
Cyprus,2015,-2.096997691,15.026,31920.00977,64.9
Cyprus,2016,-1.429166667,13.006,35877.10156,73.7
Cyprus,2017,0.531766496,11.155,38411.41406,59.2
Cyprus,2018,1.435491195,8.504,40673.72656,148.6
Cyprus,2019,0.250370997,7.155,44685.13672,216.8
Cyprus,2020,-0.638422798,7.755,42796.03516,123.3
Cyprus,2021,2.446088672,7.513,48466.84375,229.6
Cyprus,2022,8.39548298,6.807,53776.30859,197.9
Cyprus,2023,3.541341888,5.964,57100.46484,118.2
Czechia,2010,1.472727273,7.281,27877.14374,9
Czechia,2011,1.917219136,6.712,29001.36804,6
Czechia,2012,3.287623066,6.979,29254.73127,4
Czechia,2013,1.438297872,6.953,30818.10816,18.9
Czechia,2014,0.34398859,6.108,32502.47535,51.2
Czechia,2015,0.309364548,5.048,33899.28657,64.9
Czechia,2016,0.683504209,3.952,36097.70526,73.7
Czechia,2017,2.450533985,2.893,38824.88792,59.2
Czechia,2018,2.149494949,2.246,41143.82705,148.6
Czechia,2019,2.847875959,2.015,44859.80056,216.8
Czechia,2020,3.161295285,2.551,43922.53098,123.3
Czechia,2021,3.839844915,2.803,48418.11579,229.6
Czechia,2022,15.10016515,2.224,51701.94914,197.9
Czechia,2023,10.66126014,2.593,53816.80339,118.2
Denmark,2010,2.31092437,7.747,42995.61757,9
Denmark,2011,2.758682261,7.769,44403.38484,6
Denmark,2012,2.397914857,7.798,44803.96824,4
Denmark,2013,0.78907178,7.384,46726.85414,18.9
Denmark,2014,0.56402054,6.925,47901.44736,51.2
Denmark,2015,0.452034154,6.278,49045.33919,64.9
Denmark,2016,0.25,5.989,51976.00571,73.7
Denmark,2017,1.14713217,5.833,55356.68078,59.2
Denmark,2018,0.813609467,5.131,57482.9624,148.6
Denmark,2019,0.758131573,5.018,60787.46336,216.8
Denmark,2020,0.420711974,5.637,62529.25106,123.3
Denmark,2021,1.85304544,5.043,69878.93481,229.6
Denmark,2022,7.696566999,4.434,77953.67866,197.9
Denmark,2023,3.305178112,5.142,76687.90284,118.2
Estonia,2010,2.97204512,16.707,21615.74005,9
Estonia,2011,4.981901315,12.328,24557.23615,6
Estonia,2012,3.933399873,10.021,25996.04678,4
Estonia,2013,2.78056659,8.631,27464.51868,18.9
Estonia,2014,-0.106175147,7.352,28945.46533,51.2
Estonia,2015,-0.492326007,6.412,29175.92593,64.9
Estonia,2016,0.148684908,6.882,31312.7523,73.7
Estonia,2017,3.417235495,5.807,33821.93291,59.2
Estonia,2018,3.436326884,5.412,36410.12209,148.6
Estonia,2019,2.277259312,4.514,39843.64023,216.8
Estonia,2020,-0.444531098,6.956,40045.38469,123.3
Estonia,2021,4.653166738,6.178,44651.99922,229.6
Estonia,2022,19.39826341,5.571,47941.67913,197.9
Estonia,2023,9.15922508,6.345,48992.14095,118.2
Finland,2010,1.184135232,8.394,38949.7245,9
Finland,2011,3.416807543,7.781,40916.83858,6
Finland,2012,2.808336226,7.689,40873.09533,4
Finland,2013,1.478286157,8.193,41493.14165,18.9
Finland,2014,1.041196212,8.663,41757.40219,51.2
Finland,2015,-0.20792884,9.376,42497.70498,64.9
Finland,2016,0.356684501,8.818,44934.44821,73.7
Finland,2017,0.754015047,8.64,47570.13358,59.2
Finland,2018,1.083820984,7.361,49579.331,148.6
Finland,2019,1.02409393,6.695,52569.80006,216.8
Finland,2020,0.290554556,7.759,53668.81909,123.3
Finland,2021,2.194574323,7.606,57788.90346,229.6
Finland,2022,7.123507733,6.719,62599.00556,197.9
Finland,2023,6.250643222,7.155,65060.67416,118.2
France,2010,1.531122704,9.279,35894.99211,9
France,2011,2.111597952,9.228,37439.23314,6
France,2012,1.954195316,9.841,37677.72679,4
France,2013,0.863715498,9.913,39521.69698,18.9
France,2014,0.507758823,10.273,40144.02683,51.2
France,2015,0.037514381,10.354,40849.99738,64.9
France,2016,0.183334861,10.057,42924.61363,73.7
France,2017,1.032282751,9.41,44577.06457,59.2
France,2018,1.850815083,9.018,46537.47404,148.6
France,2019,1.108254923,8.415,51240.0683,216.8
France,2020,0.476498853,8.01,49494.29008,123.3
France,2021,1.64233141,7.874,53834.7993,229.6
France,2022,5.222367484,7.308,57594.03402,197.9
France,2023,4.878357265,7.323,61156.77282,118.2
Germany,2010,1.103810378,6.967,38945.92173,9
Germany,2011,2.075172837,5.825,42541.53109,6
Germany,2012,2.008488848,5.379,43359.61483,4
Germany,2013,1.504723303,5.231,44993.89275,18.9
Germany,2014,0.906794,4.981,47011.55109,51.2
Germany,2015,0.514426137,4.624,47609.781,64.9
Germany,2016,0.491747008,4.122,50579.68393,73.7
Germany,2017,1.509494851,3.746,53071.45557,59.2
Germany,2018,1.732168798,3.384,55195.84054,148.6
Germany,2019,1.445659769,3.136,58251.77308,216.8
Germany,2020,0.144877926,3.856,57905.17955,123.3
Germany,2021,3.066666667,3.638,61939.65159,229.6
Germany,2022,6.872574386,3.135,66616.02225,197.9
Germany,2023,5.946436677,3.045,69338.29323,118.2
Greece,2010,4.712989078,12.719,27908.29592,9
Greece,2011,3.329853234,17.973,25671.51609,6
Greece,2012,1.501526962,24.731,24911.11963,4
Greece,2013,-0.921269454,27.686,25986.65032,18.9
Greece,2014,-1.312260964,26.708,26625.06181,51.2
Greece,2015,-1.735888048,24.981,26760.3633,64.9
Greece,2016,-0.825653978,23.514,27511.80102,73.7
Greece,2017,1.12125452,21.414,28604.86094,59.2
Greece,2018,0.625621413,19.179,29617.54834,148.6
Greece,2019,0.253007522,17.045,31611.21144,216.8
Greece,2020,-1.247983556,15.899,29088.20806,123.3
Greece,2021,1.22382501,14.657,33018.25442,229.6
Greece,2022,9.645259813,12.426,38922.47423,197.9
Greece,2023,3.464801285,10.997,41186.8122,118.2
Hungary,2010,4.855557957,11.172,21738.89659,9
Hungary,2011,3.929920989,11.029,23029.44718,6
Hungary,2012,5.652145171,11.003,23267.44839,4
Hungary,2013,1.73319985,10.177,24547.98053,18.9
Hungary,2014,-0.227566271,7.725,25691.52726,51.2
Hungary,2015,-0.06164468,6.813,26798.85417,64.9
Hungary,2016,0.394769307,5.115,27941.92686,73.7
Hungary,2017,2.348242812,4.156,29496.16368,59.2
Hungary,2018,2.850247926,3.709,31908.86345,148.6
Hungary,2019,3.338586354,3.419,35152.6037,216.8
Hungary,2020,3.326743858,4.25,35029.91322,123.3
Hungary,2021,5.110965344,4.045,38647.99808,229.6
Hungary,2022,14.60814395,3.609,43577.88714,197.9
Hungary,2023,17.12496597,4.126,45942.16949,118.2
Iceland,2010,5.396731132,7.564,39768.41696,9
Iceland,2011,4.001026643,7.028,40936.86783,6
Iceland,2012,5.185899888,6,42004.44761,4
Iceland,2013,3.872279237,5.376,44409.66895,18.9
Iceland,2014,2.044614815,4.897,45996.96875,51.2
Iceland,2015,1.633055582,3.979,49201.0641,64.9
Iceland,2016,1.69692762,2.978,53480.39719,73.7
Iceland,2017,1.760415592,2.742,55638.49206,59.2
Iceland,2018,2.682917683,2.704,57197.76762,148.6
Iceland,2019,3.013971792,3.507,60523.81794,216.8
Iceland,2020,2.847924015,5.478,55796.74547,123.3
Iceland,2021,4.444239702,6.029,61966.41677,229.6
Iceland,2022,8.308755116,3.789,73471.4997,197.9
Iceland,2023,8.736302999,3.562,77567.19181,118.2
Ireland,2010,-0.918388645,14.534,43202.95569,9
Ireland,2011,2.548978302,15.354,45116.98841,6
Ireland,2012,1.694741167,15.451,46283.72897,4
Ireland,2013,0.515099485,13.735,47797.14967,18.9
Ireland,2014,0.190916399,11.858,51238.80033,51.2
Ireland,2015,-0.330959783,9.908,69214.422,64.9
Ireland,2016,0.020124774,8.374,71410.36927,73.7
Ireland,2017,0.362173038,6.713,78168.96774,59.2
Ireland,2018,0.471130714,5.741,84918.33838,148.6
Ireland,2019,0.937842961,4.95,90940.63476,216.8
Ireland,2020,-0.326183651,5.623,97066.70605,123.3
Ireland,2021,2.340341134,6.194,114120.5445,229.6
Ireland,2022,7.829457364,4.479,133822.7587,197.9
Ireland,2023,6.299424874,4.34,127623.3944,118.2
Italy,2010,1.525516021,8.363,35152.39464,9
Italy,2011,2.780632729,8.359,36598.01497,6
Italy,2012,3.041363332,10.655,36486.29679,4
Italy,2013,1.219993423,12.149,36314.6971,18.9
Italy,2014,0.24104743,12.683,36194.87392,51.2
Italy,2015,0.0387904,11.896,36899.38521,64.9
Italy,2016,-0.094016657,11.688,39926.95466,73.7
Italy,2017,1.226533166,11.211,41581.12079,59.2
Italy,2018,1.137487636,10.61,43036.24378,148.6
Italy,2019,0.611246944,9.952,46470.03733,216.8
Italy,2020,-0.137707574,9.164,44202.23558,123.3
Italy,2021,1.873783258,9.497,49901.61214,229.6
Italy,2022,8.201289912,8.069,55908.25547,197.9
Italy,2023,5.622194422,7.618,58754.90788,118.2
Latvia,2010,-1.08463595,19.482,17703.9136,9
Latvia,2011,4.370735599,16.206,19248.45801,6
Latvia,2012,2.257789244,15.047,21290.50165,4
Latvia,2013,-0.029454778,11.867,22639.15903,18.9
Latvia,2014,0.620490637,10.846,23815.6086,51.2
Latvia,2015,0.174242244,9.873,24972.83628,64.9
Latvia,2016,0.140633335,9.643,26721.8365,73.7
Latvia,2017,2.930363124,8.715,28673.62257,59.2
Latvia,2018,2.534454242,7.412,30877.04193,148.6
Latvia,2019,2.811409201,6.312,33294.50779,216.8
Latvia,2020,0.219064905,8.098,33733.06513,123.3
Latvia,2021,3.275829374,7.513,36777.89285,229.6
Latvia,2022,17.31028302,6.815,41106.52707,197.9
Latvia,2023,8.938046233,6.534,42501.02788,118.2
Lithuania,2010,1.319213621,17.814,20093.34539,9
Lithuania,2011,4.130275626,15.39,22884.87559,6
Lithuania,2012,3.089982771,13.365,24703.7404,4
Lithuania,2013,1.047479371,11.77,26721.70022,18.9
Lithuania,2014,0.103758009,10.698,28184.2813,51.2
Lithuania,2015,-0.884097406,9.12,28834.55702,64.9
Lithuania,2016,0.905525075,7.862,30925.24138,73.7
Lithuania,2017,3.722888623,7.073,33761.9475,59.2
Lithuania,2018,2.697927792,6.147,36376.52788,148.6
Lithuania,2019,2.33450938,6.255,40577.80374,216.8
Lithuania,2020,1.19989445,8.487,41168.21498,123.3
Lithuania,2021,4.683544209,7.112,46410.06764,229.6
Lithuania,2022,19.70504615,5.956,50997.27897,197.9
Lithuania,2023,9.117319624,6.962,51877.00652,118.2
Luxembourg,2010,2.273679116,4.361,90346.06883,9
Luxembourg,2011,3.410683411,4.902,94475.03023,6
Luxembourg,2012,2.662841655,5.14,96636.42664,4
Luxembourg,2013,1.734039635,5.848,100925.012,18.9
Luxembourg,2014,0.628543985,5.852,105296.2846,51.2
Luxembourg,2015,0.474743161,6.669,107859.686,64.9
Luxembourg,2016,0.290833333,6.291,113365.1761,73.7
Luxembourg,2017,1.730799591,5.522,114985.8422,59.2
Luxembourg,2018,1.528195243,5.585,116498.5121,148.6
Luxembourg,2019,1.743320757,5.595,121403.8237,216.8
Luxembourg,2020,0.819957302,6.773,122114.1016,123.3
Luxembourg,2021,2.526920091,5.247,137947.3439,229.6
Luxembourg,2022,6.336008078,4.585,146457.0205,197.9
Luxembourg,2023,3.74140362,5.188,143341.4731,118.2
Malta,2010,1.515635136,6.861,28716.53197,9
Malta,2011,2.962985282,6.388,28971.58764,6
Malta,2012,2.375820578,6.203,30242.27058,4
Malta,2013,1.180284364,6.115,32294.19326,18.9
Malta,2014,0.310306472,5.737,34341.58204,51.2
Malta,2015,1.100548264,5.389,37452.46652,64.9
Malta,2016,0.642702772,4.694,39704.32889,73.7
Malta,2017,1.364354482,4.008,43489.3515,59.2
Malta,2018,1.157823625,3.665,45871.33698,148.6
Malta,2019,1.642060018,3.627,50327.68455,216.8
Malta,2020,0.638544957,4.357,46466.92996,123.3
Malta,2021,1.497892179,3.403,53492.20485,229.6
Malta,2022,6.153756219,2.929,59284.26557,197.9
Malta,2023,5.09396759,3.125,62445.68149,118.2
Moldova,2010,7.483850864,2.972,6323.062879,9
Moldova,2011,7.687251034,2.677,6832.941565,6
Moldova,2012,4.546334274,2.19,7254.66249,4
Moldova,2013,4.597878974,1.894,8232.523805,18.9
Moldova,2014,5.088785546,1.451,8643.064314,51.2
Moldova,2015,9.676240331,1.781,9197.618382,64.9
Moldova,2016,6.35930898,1.591,10325.84049,73.7
Moldova,2017,6.570229975,1.622,11252.11355,59.2
Moldova,2018,3.045053973,1.239,11868.19555,148.6
Moldova,2019,4.837783514,1.502,13413.22329,216.8
Moldova,2020,3.765971222,1.206,13527.44131,123.3
Moldova,2021,5.10641129,0.794,15682.07033,229.6
Moldova,2022,28.73729768,0.909,16301.76569,197.9
Moldova,2023,13.41701044,1.623,17384.37689,118.2
Montenegro,2010,0.65494657,19.649,13633.07839,9
Montenegro,2011,3.450143112,19.759,14471.62289,6
Montenegro,2012,4.14524725,19.808,13863.18324,4
Montenegro,2013,2.205892681,19.585,14869.39824,18.9
Montenegro,2014,-0.710514052,18.054,15370.04733,51.2
Montenegro,2015,1.548691582,17.555,16331.64733,64.9
Montenegro,2016,-0.271385023,17.732,18198.63244,73.7
Montenegro,2017,2.380235991,16.082,19680.42583,59.2
Montenegro,2018,2.611223783,15.19,21511.89865,148.6
Montenegro,2019,0.361563705,15.128,24139.81571,216.8
Montenegro,2020,-0.2556557,17.878,21003.78196,123.3
Montenegro,2021,2.410801984,16.543,24509.93648,229.6
Montenegro,2022,13.04030363,15.288,28319.58895,197.9
Montenegro,2023,8.584769105,15.254,31216.37979,118.2
Netherlands,2010,1.275305696,4.989,45036.0998,9
Netherlands,2011,2.341070178,4.977,46599.02103,6
Netherlands,2012,2.455547653,5.821,47272.10302,4
Netherlands,2013,2.506898527,7.243,49241.51784,18.9
Netherlands,2014,0.97603508,7.416,49233.2154,51.2
Netherlands,2015,0.600248147,6.873,50288.59139,64.9
Netherlands,2016,0.316666667,6.006,52288.41508,73.7
Netherlands,2017,1.381458714,4.839,55088.6338,59.2
Netherlands,2018,1.703497947,3.831,57826.6285,148.6
Netherlands,2019,2.633699102,3.38,61089.58342,216.8
Netherlands,2020,1.272460378,3.819,61068.40586,123.3
Netherlands,2021,2.675720088,4.21,67693.32643,229.6
Netherlands,2022,10.00120788,3.524,74541.79924,197.9
Netherlands,2023,3.838393543,3.561,78215.0663,118.2
North Macedonia,2010,1.50997522,33.135,11992.99084,9
North Macedonia,2011,3.904754221,31.502,12420.16079,6
North Macedonia,2012,3.316055667,31.096,12725.24584,4
North Macedonia,2013,2.785000567,29.017,13662.07905,18.9
North Macedonia,2014,-0.281705033,28.215,14484.08817,51.2
North Macedonia,2015,-0.299920476,26.395,15033.12636,64.9
North Macedonia,2016,-0.239290788,24.312,16456.92842,73.7
North Macedonia,2017,1.351618897,22.857,17159.47488,59.2
North Macedonia,2018,1.458312985,21.208,18459.24958,148.6
North Macedonia,2019,0.766439573,17.414,20221.81157,216.8
North Macedonia,2020,1.200073489,16.575,19961.38987,123.3
North Macedonia,2021,3.230749121,15.801,22371.49679,229.6
North Macedonia,2022,14.20471732,14.477,24179.57244,197.9
North Macedonia,2023,9.361872498,13.075,24872.74093,118.2
Norway,2010,2.418906395,3.521,58219.61435,9
Norway,2011,1.284951588,3.215,62460.09082,6
Norway,2012,0.696864111,3.123,65774.35207,4
Norway,2013,2.120486204,3.423,67377.92623,18.9
Norway,2014,2.041702867,3.484,66332.46144,51.2
Norway,2015,2.171136654,4.296,60737.88681,64.9
Norway,2016,3.55,4.679,59280.1992,73.7
Norway,2017,1.875100596,4.162,64589.55592,59.2
Norway,2018,2.764831345,3.8,70253.84637,148.6
Norway,2019,2.167730033,3.687,70939.60552,216.8
Norway,2020,1.286584907,4.422,67110.60457,123.3
Norway,2021,3.483880553,4.369,89209.13978,229.6
Norway,2022,5.764123179,3.233,124252.8326,197.9
Norway,2023,5.517849871,3.581,104459.8119,118.2
Poland,2010,2.580693703,9.637,20887.20937,9
Poland,2011,4.239401496,9.632,22658.37732,6
Poland,2012,3.560371517,10.088,23589.14757,4
Poland,2013,0.991982606,10.326,24319.88029,18.9
Poland,2014,0.053821313,8.99,25316.33154,51.2
Poland,2015,-0.874125874,7.501,26822.66425,64.9
Poland,2016,-0.664767331,6.161,28165.83655,73.7
Poland,2017,2.075935537,4.888,29958.12071,59.2
Poland,2018,1.812951565,3.846,32027.60273,148.6
Poland,2019,2.227478809,3.277,35487.911,216.8
Poland,2020,3.374469726,3.162,36322.04376,123.3
Poland,2021,5.055027047,3.363,40462.68871,229.6
Poland,2022,14.42945076,2.886,46720.57301,197.9
Poland,2023,11.5289128,2.905,49463.99117,118.2
Portugal,2010,1.402572899,10.771,27257.22921,9
Portugal,2011,3.653011004,12.682,26769.51189,6
Portugal,2012,2.773338541,15.531,26438.0163,4
Portugal,2013,0.274416667,16.188,27936.03966,18.9
Portugal,2014,-0.278153367,13.897,28742.44038,51.2
Portugal,2015,0.487938624,12.447,29660.89607,64.9
Portugal,2016,0.607397075,11.068,31607.75424,73.7
Portugal,2017,1.368614116,8.869,33044.71674,59.2
Portugal,2018,0.993715683,6.994,34928.54353,148.6
Portugal,2019,0.33817841,6.464,37845.20997,216.8
Portugal,2020,-0.01243833,6.796,35874.78073,123.3
Portugal,2021,1.265657191,6.577,38783.01156,229.6
Portugal,2022,7.832691242,6.011,44484.29725,197.9
Portugal,2023,4.311281919,6.491,48758.85702,118.2
Romania,2010,6.091416686,6.959,17352.32465,9
Romania,2011,5.789253288,7.177,18801.77741,6
Romania,2012,3.334922677,6.794,19808.2113,4
Romania,2013,3.984712355,7.096,19676.10047,18.9
Romania,2014,1.068309877,6.802,20630.67782,51.2
Romania,2015,-0.594156437,6.812,21622.8723,64.9
Romania,2016,-1.544796668,5.901,23903.8302,73.7
Romania,2017,1.339021211,4.927,26940.75456,59.2
Romania,2018,4.625484431,4.187,29566.06046,148.6
Romania,2019,3.827854326,3.912,33549.3911,216.8
Romania,2020,2.631073112,5.035,34293.16851,123.3
Romania,2021,5.052328761,5.59,37969.15389,229.6
Romania,2022,13.79548874,5.614,42973.18966,197.9
Romania,2023,10.39718748,5.595,47903.34115,118.2
Serbia,2010,6.142553602,19.204,12795.50994,9
Serbia,2011,11.13739763,22.959,13746.12352,6
Serbia,2012,7.330385896,24,13933.14802,4
Serbia,2013,7.694263629,22.154,14628.27416,18.9
Serbia,2014,2.082447939,19.223,14658.53482,51.2
Serbia,2015,1.39235822,17.66,14927.35487,64.9
Serbia,2016,1.122313974,15.257,15857.44032,73.7
Serbia,2017,3.131062486,13.477,16609.45273,59.2
Serbia,2018,1.959840763,12.733,17716.72839,148.6
Serbia,2019,1.849229845,10.395,19688.25297,216.8
Serbia,2020,1.575532901,9.011,20065.44677,123.3
Serbia,2021,4.085102853,10.061,22574.23047,229.6
Serbia,2022,11.98151173,8.684,25057.41952,197.9
Serbia,2023,12.37190436,8.683,27401.78907,118.2
Slovak Republic,2010,0.957018133,14.387,25398.60969,9
Slovak Republic,2011,3.919285991,13.634,26258.82863,6
Slovak Republic,2012,3.606102635,13.966,26994.05775,4
Slovak Republic,2013,1.40047369,14.227,28019.05884,18.9
Slovak Republic,2014,-0.07616533,11.537,29029.07823,51.2
Slovak Republic,2015,-0.325219777,11.492,30054.12184,64.9
Slovak Republic,2016,-0.520010196,9.679,29737.5708,73.7
Slovak Republic,2017,1.311945882,8.142,30142.36745,59.2
Slovak Republic,2018,2.514037129,6.544,31369.79883,148.6
Slovak Republic,2019,2.664561334,5.761,33943.34988,216.8
Slovak Republic,2020,1.936941267,6.719,35001.74825,123.3
Slovak Republic,2021,3.149606299,6.894,37790.78744,229.6
Slovak Republic,2022,12.77414636,6.143,41057.09222,197.9
Slovak Republic,2023,10.53194766,5.84,44650.20283,118.2
Slovenia,2010,1.801170221,7.248,27822.07468,9
Slovenia,2011,1.802851719,8.182,28931.38332,6
Slovenia,2012,2.59741386,8.852,29042.82027,4
Slovenia,2013,1.769200859,10.116,29973.69935,18.9
Slovenia,2014,0.199343827,9.692,30870.02367,51.2
Slovenia,2015,-0.525552286,8.975,31628.24718,64.9
Slovenia,2016,-0.054999542,8.007,33936.04406,73.7
Slovenia,2017,1.429107433,6.573,36507.55304,59.2
Slovenia,2018,1.73860862,5.116,38971.82412,148.6
Slovenia,2019,1.630522608,4.448,42747.96211,216.8
Slovenia,2020,-0.054856816,4.974,42040.90906,123.3
Slovenia,2021,1.917065061,4.747,46502.09789,229.6
Slovenia,2022,8.833698867,4.013,51281.85751,197.9
Slovenia,2023,7.446877174,3.627,54947.47014,118.2
Spain,2010,1.799864577,19.86,31677.22239,9
Spain,2011,3.196101888,21.391,31867.97324,6
Spain,2012,2.446127824,24.788,31720.27382,4
Spain,2013,1.408581092,26.094,32444.46119,18.9
Spain,2014,-0.151114838,24.442,33540.35717,51.2
Spain,2015,-0.50036571,22.058,34919.38725,64.9
Spain,2016,-0.202598,19.635,37305.62915,73.7
Spain,2017,1.956076334,17.224,39550.18908,59.2
Spain,2018,1.674981369,15.255,40716.68076,148.6
Spain,2019,0.699518994,14.104,43739.63291,216.8
Spain,2020,-0.322753017,15.532,38967.33992,123.3
Spain,2021,3.09313512,14.781,43620.60406,229.6
Spain,2022,8.390576341,12.917,48685.49631,197.9
Spain,2023,3.532361335,12.144,52779.23406,118.2
Sweden,2010,1.157988027,8.61,42216.61741,9
Sweden,2011,2.961150738,7.804,44608.58026,6
Sweden,2012,0.888377507,7.976,45432.43197,4
Sweden,2013,-0.04429297,8.052,46312.39238,18.9
Sweden,2014,-0.179638494,7.954,47184.66913,51.2
Sweden,2015,-0.046784745,7.432,49103.13343,64.9
Sweden,2016,0.984269245,6.99,50430.25282,73.7
Sweden,2017,1.794499047,6.718,51947.95425,59.2
Sweden,2018,1.953535301,6.365,53521.63064,148.6
Sweden,2019,1.784150974,6.833,57229.77675,216.8
Sweden,2020,0.497367319,8.291,57690.32446,123.3
Sweden,2021,2.163197364,8.722,63375.04465,229.6
Sweden,2022,8.369290989,7.392,68088.19327,197.9
Sweden,2023,8.548624897,7.587,70206.61164,118.2
Switzerland,2010,0.688238707,4.808,54432.33308,9
Switzerland,2011,0.231349208,4.409,57493.58106,6
Switzerland,2012,-0.692552018,4.491,59440.91586,4
Switzerland,2013,-0.217323155,4.747,61656.46617,18.9
Switzerland,2014,-0.013202539,4.826,63417.04372,51.2
Switzerland,2015,-1.143908672,4.801,65265.04573,64.9
Switzerland,2016,-0.434618664,4.918,67350.75187,73.7
Switzerland,2017,0.53378784,4.797,68193.50549,59.2
Switzerland,2018,0.936335464,4.713,70688.81875,148.6
Switzerland,2019,0.36288618,4.394,73732.23533,216.8
Switzerland,2020,-0.725874933,4.817,72997.82395,123.3
Switzerland,2021,0.581814168,5.097,81603.20731,229.6
Switzerland,2022,2.835027986,4.3,90746.45328,197.9
Switzerland,2023,2.13540088,4.05,92980.40188,118.2
Ukraine,2010,9.372931051,8.1,8561.155273,9
Ukraine,2011,7.955724663,7.851,9246.769531,6
Ukraine,2012,0.568727972,7.529,9681.522461,4
Ukraine,2013,-0.238948626,7.17,11056.54199,18.9
Ukraine,2014,12.07185629,9.27,10664.62402,51.2
Ukraine,2015,48.69986464,9.14,10064.84277,64.9
Ukraine,2016,13.9127102,9.35,11011.9707,73.7
Ukraine,2017,14.43832275,9.5,11686.85742,59.2
Ukraine,2018,10.95185594,8.799,12708.79883,148.6
Ukraine,2019,7.886717456,8.194,14380.86133,216.8
Ukraine,2020,2.732492094,9.475,15716.8418,123.3
Ukraine,2021,9.363139177,9.834,18040.3457,229.6
United Kingdom,2010,2.492654725,7.787,36487.67185,9
United Kingdom,2011,3.856112447,8.038,37224.37876,6
United Kingdom,2012,2.573234797,7.885,38343.0869,4
United Kingdom,2013,2.291666667,7.525,39954.21915,18.9
United Kingdom,2014,1.451120163,6.11,41278.12751,51.2
United Kingdom,2015,0.368046842,5.301,42496.85429,64.9
United Kingdom,2016,1.008417368,4.81,44082.11647,73.7
United Kingdom,2017,2.557755776,4.33,46048.20005,59.2
United Kingdom,2018,2.292839903,3.996,47090.4849,148.6
United Kingdom,2019,1.738104601,3.737,49911.15665,216.8
United Kingdom,2020,0.989486704,4.472,48005.87961,123.3
United Kingdom,2021,2.518371096,4.826,52841.63459,229.6
United Kingdom,2022,7.922048831,3.73,56761.5173,197.9
United Kingdom,2023,6.793967068,4.055,58906.23886,118.2